"class","Sensitivity","Specificity","Pos Pred Value","Neg Pred Value","Precision","Recall","F1","Prevalence","Detection Rate","Detection Prevalence","Balanced Accuracy"
"Class: Low",0.666666666666667,1,1,0.875,1,0.666666666666667,0.8,0.3,0.2,0.2,0.833333333333333
"Class: Medium",1,0.75,0.82051282051282,1,0.82051282051282,1,0.901408450704225,0.533333333333333,0.533333333333333,0.65,0.875
"Class: High",0.9,1,1,0.980392156862745,1,0.9,0.947368421052632,0.166666666666667,0.15,0.15,0.95
